VersionTypeID,VersionTypeName,EntityID,Description
1,Product price version,1,Hystorical - Version of product price. EntityID refers to ProductID. orci nullam molestie nibh in lectus pellentesque at nulla suspendisse potenti cras
2,Product price version,2,Hystorical - Version of product price. EntityID refers to ProductID. consequat nulla nisl nunc nisl duis bibendum felis sed interdum
3,Product price version,3,Hystorical - Version of product price. EntityID refers to ProductID. aliquet ultrices erat tortor sollicitudin mi sit amet lobortis sapien sapien non mi integer
4,Product price version,4,Hystorical - Version of product price. EntityID refers to ProductID. porttitor lacus at turpis donec posuere metus vitae ipsum aliquam non mauris morbi non lectus aliquam sit
5,Product price version,5,Hystorical - Version of product price. EntityID refers to ProductID. blandit ultrices enim lorem ipsum dolor sit amet consectetuer adipiscing elit proin interdum
6,Product price version,6,Hystorical - Version of product price. EntityID refers to ProductID. primis in faucibus orci luctus et ultrices posuere cubilia curae mauris viverra diam vitae
7,Product price version,7,Hystorical - Version of product price. EntityID refers to ProductID. luctus ultricies eu nibh quisque id justo sit amet sapien dignissim vestibulum vestibulum ante ipsum primis
8,Product price version,8,Hystorical - Version of product price. EntityID refers to ProductID. varius nulla facilisi cras non velit nec nisi vulputate nonummy maecenas tincidunt lacus at
9,Product price version,9,Hystorical - Version of product price. EntityID refers to ProductID. posuere felis sed lacus morbi sem mauris laoreet ut rhoncus aliquet pulvinar sed nisl
10,Product price version,10,Hystorical - Version of product price. EntityID refers to ProductID. cubilia curae nulla dapibus dolor vel est donec odio justo sollicitudin ut suscipit a feugiat et eros vestibulum ac
11,Product price version,11,Hystorical - Version of product price. EntityID refers to ProductID. amet nunc viverra dapibus nulla suscipit ligula in lacus curabitur at ipsum ac tellus
12,Product price version,12,Hystorical - Version of product price. EntityID refers to ProductID. odio consequat varius integer ac leo pellentesque ultrices mattis odio donec vitae nisi nam ultrices
13,Product price version,13,Hystorical - Version of product price. EntityID refers to ProductID. lacinia sapien quis libero nullam sit amet turpis elementum ligula vehicula consequat morbi
14,Product price version,14,Hystorical - Version of product price. EntityID refers to ProductID. ligula suspendisse ornare consequat lectus in est risus auctor sed tristique in tempus sit amet sem
15,Product price version,15,Hystorical - Version of product price. EntityID refers to ProductID. ipsum ac tellus semper interdum mauris ullamcorper purus sit amet
16,Product price version,16,Hystorical - Version of product price. EntityID refers to ProductID. nulla eget eros elementum pellentesque quisque porta volutpat erat quisque erat eros viverra eget congue eget semper
17,Product price version,17,Hystorical - Version of product price. EntityID refers to ProductID. ullamcorper augue a suscipit nulla elit ac nulla sed vel enim sit amet nunc viverra
18,Product price version,18,Hystorical - Version of product price. EntityID refers to ProductID. vestibulum aliquet ultrices erat tortor sollicitudin mi sit amet lobortis sapien sapien non mi integer ac neque duis
19,Product price version,19,Hystorical - Version of product price. EntityID refers to ProductID. nisi venenatis tristique fusce congue diam id ornare imperdiet sapien urna pretium
20,Product price version,20,Hystorical - Version of product price. EntityID refers to ProductID. et ultrices posuere cubilia curae donec pharetra magna vestibulum aliquet ultrices erat tortor sollicitudin mi sit amet lobortis sapien sapien
21,Product price version,21,Hystorical - Version of product price. EntityID refers to ProductID. a pede posuere nonummy integer non velit donec diam neque vestibulum eget vulputate ut ultrices vel augue vestibulum
22,Product price version,22,Hystorical - Version of product price. EntityID refers to ProductID. metus sapien ut nunc vestibulum ante ipsum primis in faucibus orci luctus et ultrices posuere cubilia curae
23,Product price version,23,Hystorical - Version of product price. EntityID refers to ProductID. ligula in lacus curabitur at ipsum ac tellus semper interdum mauris ullamcorper purus sit amet nulla quisque arcu
24,Product price version,24,Hystorical - Version of product price. EntityID refers to ProductID. magna vulputate luctus cum sociis natoque penatibus et magnis dis parturient montes nascetur
25,Product price version,25,Hystorical - Version of product price. EntityID refers to ProductID. pede justo lacinia eget tincidunt eget tempus vel pede morbi porttitor lorem id ligula suspendisse ornare
26,Product price version,26,Hystorical - Version of product price. EntityID refers to ProductID. nullam orci pede venenatis non sodales sed tincidunt eu felis fusce posuere felis sed lacus morbi sem
27,Product price version,27,Hystorical - Version of product price. EntityID refers to ProductID. elementum in hac habitasse platea dictumst morbi vestibulum velit id pretium iaculis diam erat
28,Product price version,28,Hystorical - Version of product price. EntityID refers to ProductID. morbi sem mauris laoreet ut rhoncus aliquet pulvinar sed nisl nunc
29,Product price version,29,Hystorical - Version of product price. EntityID refers to ProductID. sem mauris laoreet ut rhoncus aliquet pulvinar sed nisl nunc rhoncus dui vel sem sed sagittis nam
30,Product price version,30,Hystorical - Version of product price. EntityID refers to ProductID. condimentum curabitur in libero ut massa volutpat convallis morbi odio odio elementum eu interdum eu tincidunt in leo maecenas pulvinar
31,Product price version,31,Hystorical - Version of product price. EntityID refers to ProductID. non mattis pulvinar nulla pede ullamcorper augue a suscipit nulla elit ac nulla
32,Product price version,32,Hystorical - Version of product price. EntityID refers to ProductID. ligula in lacus curabitur at ipsum ac tellus semper interdum mauris
33,Product price version,33,Hystorical - Version of product price. EntityID refers to ProductID. donec pharetra magna vestibulum aliquet ultrices erat tortor sollicitudin mi sit amet lobortis sapien sapien non mi
34,Product price version,34,Hystorical - Version of product price. EntityID refers to ProductID. ipsum primis in faucibus orci luctus et ultrices posuere cubilia
35,Product price version,35,Hystorical - Version of product price. EntityID refers to ProductID. amet diam in magna bibendum imperdiet nullam orci pede venenatis non sodales
36,Product price version,36,Hystorical - Version of product price. EntityID refers to ProductID. consequat morbi a ipsum integer a nibh in quis justo maecenas rhoncus aliquam lacus morbi quis tortor
37,Product price version,37,Hystorical - Version of product price. EntityID refers to ProductID. curabitur gravida nisi at nibh in hac habitasse platea dictumst aliquam augue quam sollicitudin vitae consectetuer
38,Product price version,38,Hystorical - Version of product price. EntityID refers to ProductID. in ante vestibulum ante ipsum primis in faucibus orci luctus et ultrices posuere cubilia curae duis faucibus accumsan odio
39,Product price version,39,Hystorical - Version of product price. EntityID refers to ProductID. ipsum primis in faucibus orci luctus et ultrices posuere cubilia curae donec pharetra magna vestibulum aliquet ultrices erat tortor
40,Product price version,40,Hystorical - Version of product price. EntityID refers to ProductID. nunc commodo placerat praesent blandit nam nulla integer pede justo lacinia eget tincidunt eget tempus vel pede morbi porttitor lorem
41,Product price version,41,Hystorical - Version of product price. EntityID refers to ProductID. orci luctus et ultrices posuere cubilia curae nulla dapibus dolor vel
42,Product price version,42,Hystorical - Version of product price. EntityID refers to ProductID. quis orci eget orci vehicula condimentum curabitur in libero ut massa volutpat convallis morbi odio odio elementum eu interdum eu
43,Product price version,43,Hystorical - Version of product price. EntityID refers to ProductID. morbi non lectus aliquam sit amet diam in magna bibendum imperdiet nullam orci pede venenatis non sodales sed
44,Product price version,44,Hystorical - Version of product price. EntityID refers to ProductID. ante vivamus tortor duis mattis egestas metus aenean fermentum donec
45,Product price version,45,Hystorical - Version of product price. EntityID refers to ProductID. amet nunc viverra dapibus nulla suscipit ligula in lacus curabitur at ipsum ac tellus semper interdum
46,Product price version,46,Hystorical - Version of product price. EntityID refers to ProductID. sem sed sagittis nam congue risus semper porta volutpat quam pede lobortis ligula sit
47,Product price version,47,Hystorical - Version of product price. EntityID refers to ProductID. ullamcorper augue a suscipit nulla elit ac nulla sed vel enim sit amet nunc viverra dapibus nulla suscipit ligula in
48,Product price version,48,Hystorical - Version of product price. EntityID refers to ProductID. suscipit a feugiat et eros vestibulum ac est lacinia nisi venenatis tristique fusce congue
49,Product price version,49,Hystorical - Version of product price. EntityID refers to ProductID. potenti in eleifend quam a odio in hac habitasse platea dictumst maecenas ut massa quis
50,Product price version,50,Hystorical - Version of product price. EntityID refers to ProductID. amet erat nulla tempus vivamus in felis eu sapien cursus vestibulum proin eu mi nulla ac enim
51,Product price version,51,Hystorical - Version of product price. EntityID refers to ProductID. vulputate nonummy maecenas tincidunt lacus at velit vivamus vel nulla eget eros elementum pellentesque
52,Product price version,52,Hystorical - Version of product price. EntityID refers to ProductID. in consequat ut nulla sed accumsan felis ut at dolor quis odio consequat
53,Product price version,53,Hystorical - Version of product price. EntityID refers to ProductID. quis libero nullam sit amet turpis elementum ligula vehicula consequat morbi a ipsum integer a nibh in quis
54,Product price version,54,Hystorical - Version of product price. EntityID refers to ProductID. adipiscing lorem vitae mattis nibh ligula nec sem duis aliquam convallis
55,Product price version,55,Hystorical - Version of product price. EntityID refers to ProductID. vel nisl duis ac nibh fusce lacus purus aliquet at feugiat non pretium quis lectus suspendisse potenti in eleifend
56,Product price version,56,Hystorical - Version of product price. EntityID refers to ProductID. sit amet lobortis sapien sapien non mi integer ac neque duis bibendum morbi
57,Product price version,57,Hystorical - Version of product price. EntityID refers to ProductID. nascetur ridiculus mus vivamus vestibulum sagittis sapien cum sociis natoque penatibus et magnis
58,Product price version,58,Hystorical - Version of product price. EntityID refers to ProductID. est lacinia nisi venenatis tristique fusce congue diam id ornare
59,Product price version,59,Hystorical - Version of product price. EntityID refers to ProductID. blandit nam nulla integer pede justo lacinia eget tincidunt eget tempus vel
60,Product price version,60,Hystorical - Version of product price. EntityID refers to ProductID. penatibus et magnis dis parturient montes nascetur ridiculus mus etiam vel augue vestibulum rutrum
61,Product price version,61,Hystorical - Version of product price. EntityID refers to ProductID. mauris lacinia sapien quis libero nullam sit amet turpis elementum ligula vehicula
62,Product price version,62,Hystorical - Version of product price. EntityID refers to ProductID. sed sagittis nam congue risus semper porta volutpat quam pede lobortis ligula sit amet eleifend pede libero quis orci
63,Product price version,63,Hystorical - Version of product price. EntityID refers to ProductID. nunc commodo placerat praesent blandit nam nulla integer pede justo lacinia
64,Product price version,64,Hystorical - Version of product price. EntityID refers to ProductID. pellentesque viverra pede ac diam cras pellentesque volutpat dui maecenas tristique est et tempus semper est
65,Product price version,65,Hystorical - Version of product price. EntityID refers to ProductID. a nibh in quis justo maecenas rhoncus aliquam lacus morbi quis tortor
66,Product price version,66,Hystorical - Version of product price. EntityID refers to ProductID. quis lectus suspendisse potenti in eleifend quam a odio in hac habitasse
67,Product price version,67,Hystorical - Version of product price. EntityID refers to ProductID. curabitur at ipsum ac tellus semper interdum mauris ullamcorper purus
68,Product price version,68,Hystorical - Version of product price. EntityID refers to ProductID. metus sapien ut nunc vestibulum ante ipsum primis in faucibus orci luctus et ultrices posuere cubilia curae mauris viverra diam
69,Product price version,69,Hystorical - Version of product price. EntityID refers to ProductID. sapien arcu sed augue aliquam erat volutpat in congue etiam justo etiam pretium iaculis justo in hac habitasse platea
70,Product price version,70,Hystorical - Version of product price. EntityID refers to ProductID. in consequat ut nulla sed accumsan felis ut at dolor quis odio consequat varius integer ac leo pellentesque ultrices mattis
71,Product price version,71,Hystorical - Version of product price. EntityID refers to ProductID. volutpat sapien arcu sed augue aliquam erat volutpat in congue etiam justo etiam
72,Product price version,72,Hystorical - Version of product price. EntityID refers to ProductID. ipsum praesent blandit lacinia erat vestibulum sed magna at nunc commodo placerat praesent
73,Product price version,73,Hystorical - Version of product price. EntityID refers to ProductID. nullam varius nulla facilisi cras non velit nec nisi vulputate nonummy maecenas tincidunt lacus at velit vivamus vel nulla
74,Product price version,74,Hystorical - Version of product price. EntityID refers to ProductID. sociis natoque penatibus et magnis dis parturient montes nascetur ridiculus mus etiam vel augue vestibulum rutrum
75,Product price version,75,Hystorical - Version of product price. EntityID refers to ProductID. quis turpis sed ante vivamus tortor duis mattis egestas metus aenean fermentum donec ut mauris
76,Product price version,76,Hystorical - Version of product price. EntityID refers to ProductID. varius nulla facilisi cras non velit nec nisi vulputate nonummy maecenas tincidunt lacus at velit
77,Product price version,77,Hystorical - Version of product price. EntityID refers to ProductID. aliquet massa id lobortis convallis tortor risus dapibus augue vel accumsan tellus nisi eu orci mauris lacinia sapien quis
78,Product price version,78,Hystorical - Version of product price. EntityID refers to ProductID. turpis sed ante vivamus tortor duis mattis egestas metus aenean fermentum donec ut mauris eget massa
79,Product price version,79,Hystorical - Version of product price. EntityID refers to ProductID. eu nibh quisque id justo sit amet sapien dignissim vestibulum vestibulum ante ipsum primis in
80,Product price version,80,Hystorical - Version of product price. EntityID refers to ProductID. odio consequat varius integer ac leo pellentesque ultrices mattis odio donec vitae nisi nam ultrices libero
81,Product price version,81,Hystorical - Version of product price. EntityID refers to ProductID. augue aliquam erat volutpat in congue etiam justo etiam pretium
82,Product price version,82,Hystorical - Version of product price. EntityID refers to ProductID. in libero ut massa volutpat convallis morbi odio odio elementum eu interdum eu tincidunt in leo maecenas
83,Product price version,83,Hystorical - Version of product price. EntityID refers to ProductID. velit eu est congue elementum in hac habitasse platea dictumst morbi vestibulum velit id
84,Product price version,84,Hystorical - Version of product price. EntityID refers to ProductID. libero non mattis pulvinar nulla pede ullamcorper augue a suscipit nulla elit ac
85,Product price version,85,Hystorical - Version of product price. EntityID refers to ProductID. cras in purus eu magna vulputate luctus cum sociis natoque penatibus et magnis dis parturient montes nascetur ridiculus mus
86,Product price version,86,Hystorical - Version of product price. EntityID refers to ProductID. elementum pellentesque quisque porta volutpat erat quisque erat eros viverra eget congue eget semper rutrum nulla nunc
87,Product price version,87,Hystorical - Version of product price. EntityID refers to ProductID. dis parturient montes nascetur ridiculus mus vivamus vestibulum sagittis sapien cum sociis natoque penatibus et magnis dis parturient montes
88,Product price version,88,Hystorical - Version of product price. EntityID refers to ProductID. mattis egestas metus aenean fermentum donec ut mauris eget massa tempor convallis nulla neque libero convallis eget eleifend luctus ultricies
89,Product price version,89,Hystorical - Version of product price. EntityID refers to ProductID. porttitor lorem id ligula suspendisse ornare consequat lectus in est risus auctor sed tristique in tempus sit amet sem
90,Product price version,90,Hystorical - Version of product price. EntityID refers to ProductID. diam cras pellentesque volutpat dui maecenas tristique est et tempus semper est quam
91,Product price version,91,Hystorical - Version of product price. EntityID refers to ProductID. eleifend pede libero quis orci nullam molestie nibh in lectus pellentesque
92,Product price version,92,Hystorical - Version of product price. EntityID refers to ProductID. cras mi pede malesuada in imperdiet et commodo vulputate justo in blandit ultrices
93,Product price version,93,Hystorical - Version of product price. EntityID refers to ProductID. sapien urna pretium nisl ut volutpat sapien arcu sed augue aliquam
94,Product price version,94,Hystorical - Version of product price. EntityID refers to ProductID. pede malesuada in imperdiet et commodo vulputate justo in blandit ultrices enim lorem ipsum dolor sit amet consectetuer adipiscing
95,Product price version,95,Hystorical - Version of product price. EntityID refers to ProductID. primis in faucibus orci luctus et ultrices posuere cubilia curae donec pharetra
96,Product price version,96,Hystorical - Version of product price. EntityID refers to ProductID. dictumst maecenas ut massa quis augue luctus tincidunt nulla mollis molestie lorem
97,Product price version,97,Hystorical - Version of product price. EntityID refers to ProductID. eleifend luctus ultricies eu nibh quisque id justo sit amet sapien
98,Product price version,98,Hystorical - Version of product price. EntityID refers to ProductID. cubilia curae mauris viverra diam vitae quam suspendisse potenti nullam porttitor lacus at
99,Product price version,99,Hystorical - Version of product price. EntityID refers to ProductID. at vulputate vitae nisl aenean lectus pellentesque eget nunc donec quis
100,Product price version,100,Hystorical - Version of product price. EntityID refers to ProductID. mi pede malesuada in imperdiet et commodo vulputate justo in blandit ultrices enim lorem
