PaymentID,PaymentType,PaymentStatus
1,convallis,ullamcorper augue a
2,in tempus,ultricies eu nibh
3,sed augue aliquam,quam pharetra
4,primis in,nulla pede
5,justo in blandit,quis turpis sed
6,tellus nisi,ut
7,aliquam,volutpat
8,sollicitudin mi sit,varius
9,nisl ut volutpat,ut
10,augue aliquam erat,imperdiet
11,semper,quis libero
12,a suscipit nulla,nulla sed vel
13,purus,nulla suspendisse potenti
14,pellentesque at nulla,sed vestibulum
15,mattis,arcu
16,est risus auctor,et
17,feugiat,diam in magna
18,dolor sit amet,ac enim in
19,in,varius integer ac
20,tristique,in purus
21,porttitor lorem id,eget nunc
22,nulla elit,malesuada in imperdiet
23,hac habitasse,ante ipsum primis
24,viverra dapibus nulla,sed sagittis nam
25,urna,purus sit amet
26,amet eros suspendisse,est
27,luctus et ultrices,libero nam
28,id,nam ultrices libero
29,in,quis
30,libero rutrum,laoreet
31,diam erat fermentum,lacus morbi
32,morbi non,nibh ligula
33,consequat,turpis elementum ligula
34,velit nec nisi,luctus et
35,amet diam in,erat
36,auctor gravida sem,viverra
37,quis tortor id,libero convallis eget
38,sapien quis libero,lobortis sapien
39,lectus in est,leo odio
40,quis tortor,ridiculus mus etiam
41,nascetur,tortor id nulla
42,arcu,accumsan felis
43,odio,elementum eu
44,lacus morbi,suspendisse
45,consequat ut nulla,diam in magna
46,ante,nibh
47,vel augue,imperdiet
48,fusce congue diam,suscipit
49,gravida,curae
50,lobortis ligula,pretium iaculis justo
51,imperdiet sapien urna,diam erat
52,tincidunt in leo,sapien
53,iaculis,a libero
54,ultrices,morbi porttitor
55,leo,integer non velit
56,ante ipsum primis,at turpis
57,nisl aenean lectus,molestie hendrerit
58,tortor sollicitudin,vel pede
59,odio curabitur,varius nulla facilisi
60,imperdiet et commodo,feugiat
61,vestibulum,lobortis ligula
62,purus phasellus,risus auctor sed
63,volutpat,pellentesque
64,consequat,eu orci mauris
65,volutpat eleifend donec,erat nulla tempus
66,nullam orci,potenti
67,dictumst aliquam,nisl nunc rhoncus
68,rhoncus sed,id turpis integer
69,gravida,nunc viverra
70,nulla suspendisse potenti,vulputate ut ultrices
71,quam nec,quis orci eget
72,ut,aliquam
73,vulputate,potenti
74,sodales sed tincidunt,consequat
75,urna ut,mauris eget massa
76,sed ante vivamus,a
77,nulla,risus auctor sed
78,in lectus pellentesque,sit
79,in,ac leo pellentesque
80,dui vel nisl,potenti nullam
81,sed,in lacus
82,ac neque,duis bibendum
83,pretium,sagittis
84,suspendisse potenti in,amet
85,iaculis,nulla nisl nunc
86,ultrices,penatibus
87,dolor sit amet,quam nec dui
88,cum sociis,hac habitasse
89,sit,dapibus at
90,at dolor quis,tempus vivamus
91,est,mauris
92,dolor quis odio,sem praesent id
93,sollicitudin,malesuada in
94,at nunc,imperdiet nullam
95,lacus at velit,turpis eget elit
96,faucibus,viverra
97,rutrum at,non interdum
98,sit,accumsan tellus nisi
99,lacinia,justo eu
100,nisi volutpat eleifend,ipsum
101,a odio,nulla justo
102,cras pellentesque volutpat,vestibulum ac
103,rutrum ac lobortis,volutpat dui
104,ante,rhoncus mauris
105,cubilia curae donec,in tempus
106,at ipsum ac,ipsum primis
107,porttitor id,eget tincidunt
108,ac est,id mauris vulputate
109,quis,vulputate vitae nisl
110,augue aliquam erat,turpis elementum ligula
111,risus auctor,semper
112,cras mi,congue elementum
113,sit amet,dictumst etiam
114,neque vestibulum eget,dignissim vestibulum
115,eget,bibendum morbi
116,sapien varius ut,vestibulum
117,ipsum praesent blandit,potenti cras
118,libero convallis eget,eget eleifend
119,vel nisl,vestibulum rutrum rutrum
120,ultrices,integer
121,consectetuer eget rutrum,nulla suscipit
122,ut,auctor sed
123,felis,in leo maecenas
124,nascetur ridiculus mus,curae nulla dapibus
125,montes nascetur,vestibulum
126,dolor vel,mus etiam vel
127,quisque ut erat,odio
128,ac leo,maecenas rhoncus
129,placerat praesent,sem praesent
130,a,viverra pede ac
131,augue,habitasse platea dictumst
132,ridiculus mus,eget vulputate
133,eu,dictumst morbi vestibulum
134,non,parturient montes nascetur
135,ante ipsum,vestibulum
136,imperdiet nullam orci,nisl
137,risus,vulputate
138,amet turpis elementum,aliquam lacus morbi
139,mauris ullamcorper purus,curabitur
140,orci,ante
141,luctus et ultrices,ut nunc
142,luctus et ultrices,odio justo sollicitudin
143,eros suspendisse,amet
144,blandit ultrices,mi
145,lacinia aenean sit,nunc
146,condimentum neque sapien,non
147,augue,eu
148,integer tincidunt ante,suspendisse potenti
149,faucibus orci luctus,semper porta volutpat
150,blandit lacinia,magnis
151,nullam porttitor,pretium iaculis
152,ultrices erat tortor,quam sollicitudin vitae
153,curabitur,mus
154,augue,aliquam erat
155,tempor convallis,lectus pellentesque
156,augue a,consequat morbi a
157,sem,erat fermentum justo
158,nec,vestibulum sagittis sapien
159,non mattis,nunc proin
160,pharetra,amet
161,malesuada in imperdiet,fringilla rhoncus
162,odio odio elementum,sapien placerat ante
163,sed,morbi vel
164,integer,ac leo pellentesque
165,at turpis,id consequat
166,ipsum primis,donec
167,sapien urna,adipiscing lorem vitae
168,et ultrices,non velit
169,lorem id ligula,congue
170,semper,viverra
171,lectus,nullam sit amet
172,mauris laoreet,eget congue eget
173,at vulputate,nam nulla integer
174,ac nibh,augue aliquam erat
175,ante vel,rutrum neque aenean
176,sapien in sapien,mauris laoreet ut
177,sit amet,duis at velit
178,ut erat,consectetuer
179,pede ullamcorper,convallis
180,justo lacinia,vivamus vel
181,nibh in,commodo placerat
182,imperdiet,ac nulla
183,a,luctus ultricies
184,tempor,nisi volutpat
185,porta,velit id pretium
186,sollicitudin ut,massa donec
187,tortor,eleifend luctus
188,turpis,erat
189,eu felis fusce,amet
190,justo,egestas metus aenean
191,ligula,lorem
192,vitae quam suspendisse,vivamus in felis
193,praesent lectus vestibulum,bibendum imperdiet
194,quis,est
195,purus,erat
196,in,nulla ut erat
197,in,eros suspendisse accumsan
198,dui,in hac habitasse
199,consectetuer eget rutrum,dui maecenas tristique
200,lobortis vel,pede morbi
201,odio odio,diam nam tristique
202,eu,massa
203,cras pellentesque,tortor risus
204,et,ornare consequat lectus
205,augue,penatibus
206,ultrices posuere,in
207,duis,quis orci eget
208,posuere metus vitae,sollicitudin
209,integer aliquet massa,quisque arcu
210,ante vestibulum ante,ac leo pellentesque
211,luctus et ultrices,odio
212,ut nunc,lobortis convallis tortor
213,curae,magna ac
214,arcu adipiscing,tincidunt eu felis
215,est risus,tortor eu
216,luctus,porttitor lorem
217,lacus at,pellentesque eget
218,odio in hac,consequat
219,faucibus accumsan,quis
220,nibh quisque id,luctus
221,eu orci,auctor sed
222,donec,et
223,condimentum neque,tortor
224,iaculis,nam
225,consectetuer adipiscing elit,amet cursus id
226,pellentesque quisque porta,neque duis bibendum
227,tempus,curabitur
228,sem mauris laoreet,cras
229,luctus ultricies eu,pulvinar
230,tincidunt ante,sollicitudin mi
231,orci nullam molestie,habitasse
232,non mattis pulvinar,turpis sed
233,donec quis orci,a nibh
234,condimentum curabitur,est quam
235,erat,eget
236,magnis dis,sapien cursus vestibulum
237,fusce congue,elit proin
238,magna ac,vel nulla eget
239,eleifend luctus,vulputate luctus cum
240,sit amet nunc,nec sem duis
241,luctus tincidunt nulla,tortor id nulla
242,mi in,augue quam sollicitudin
243,nunc nisl duis,vel enim sit
244,arcu,at
245,nec sem,nulla
246,fusce consequat nulla,metus aenean fermentum
247,integer,pretium nisl
248,cum,donec ut dolor
249,hac habitasse,dapibus duis at
250,curae donec,suspendisse potenti
251,neque sapien,pulvinar sed
252,dui proin,lacus
253,lobortis convallis tortor,est
254,magna ac,at nibh
255,id pretium iaculis,cursus vestibulum
256,platea dictumst etiam,augue vel accumsan
257,molestie,ante
258,tempus,vitae nisi
259,felis sed lacus,gravida sem praesent
260,pellentesque eget,ac lobortis vel
261,amet justo morbi,etiam
262,maecenas,ultrices
263,nullam porttitor,sed accumsan
264,condimentum neque sapien,in
265,pede morbi porttitor,vestibulum aliquet
266,elit proin,potenti cras in
267,fusce,interdum eu tincidunt
268,ligula in,duis
269,massa,tristique
270,odio consequat varius,primis in faucibus
271,lobortis,sit amet
272,dui luctus,diam
273,vestibulum sit amet,cras non
274,aenean fermentum,congue
275,vitae nisl aenean,dis parturient montes
276,justo lacinia,vivamus vestibulum
277,metus arcu,sem praesent id
278,lorem integer tincidunt,duis at
279,volutpat erat quisque,libero
280,et commodo,augue
281,sed accumsan felis,arcu
282,elementum in,sapien dignissim vestibulum
283,leo odio,gravida nisi at
284,magna ac,nulla
285,quis,nam ultrices libero
286,mauris,sapien sapien non
287,dignissim vestibulum,id turpis integer
288,diam,orci nullam molestie
289,velit,eros suspendisse accumsan
290,lacinia aenean,blandit non interdum
291,maecenas,quam sollicitudin vitae
292,cubilia,vivamus metus
293,interdum mauris,platea dictumst aliquam
294,turpis elementum,velit donec diam
295,ut erat id,rutrum neque aenean
296,vestibulum quam,potenti in
297,iaculis,pulvinar nulla
298,suscipit ligula in,eu
299,fermentum,justo in blandit
300,sapien placerat ante,pellentesque ultrices phasellus
