Make_id,Make_name,Make_Desc,Make_guid,Product_Model_Name,Model_Desc,Model_guid,Model_Specifications_1,Model_Specifications_2,Quantity,Unit_Price
10,Cadillac,"Praesent blandit. Nam nulla. Integer pede justo, lacinia eget, tincidunt eget, tempus vel, pede.",d23f8317-8a88-4d19-9921-369871b0bb1f,Galant,"Morbi ut odio. Cras mi pede, malesuada in, imperdiet et, commodo vulputate, justo. In blandit ultrices enim.",ae8c5631-d82d-430d-9924-15ff63b74c9b,10096-0193,914738283-X,44,96000
3,Audi,Nunc rhoncus dui vel sem. Sed sagittis. Morbi porttitor lorem id ligula.,6eafb7eb-ef3d-4fc9-b740-e9d955629e95,E250,Vestibulum ante ipsum primis in faucibus orci luctus et ultrices posuere cubilia Curae; Duis faucibus accumsan odio. Curabitur convallis. Duis consequat dui nec nisi volutpat eleifend.,9a4e2b09-c777-44aa-be84-5f88839f846a,49348-023,338299540-9,87,27000
8,Dodge,"Donec vitae nisi. Nam ultrices, libero non mattis pulvinar, nulla pede ullamcorper augue, a suscipit nulla elit ac nulla.",da9456b4-184a-4e0b-a2c3-6734bfdfb25c,Stanza,"Proin interdum mauris non ligula pellentesque ultrices. Phasellus id sapien in sapien iaculis congue. Vivamus metus arcu, adipiscing molestie, hendrerit at, vulputate vitae, nisl. Aenean lectus.",150ccc23-92cb-4c9a-a36a-602a25d97c7f,43063-435,936831692-9,23,67000
8,Dodge,"Donec vitae nisi. Nam ultrices, libero non mattis pulvinar, nulla pede ullamcorper augue, a suscipit nulla elit ac nulla.",da9456b4-184a-4e0b-a2c3-6734bfdfb25c,L-Series,"Suspendisse potenti. Cras in purus eu magna vulputate luctus. Cum sociis natoque penatibus et magnis dis parturient montes, nascetur ridiculus mus.",99d83e83-66aa-4183-89e2-c43710a740d4,41520-381,215690265-8,100,78000
5,Chevrolet,Integer ac leo. Pellentesque ultrices mattis odio. ,7f8748b5-96ef-494c-a912-7c4d67bfd0a5,SRX,"Donec ut mauris eget massa tempor convallis. Nulla neque libero, convallis eget, eleifend luctus, ultricies eu, nibh. Quisque id justo sit amet sapien dignissim vestibulum. Vestibulum ante ipsum primis in faucibus orci luctus et ultrices posuere cubilia Curae; Nulla dapibus dolor vel est.",7cdf006d-e041-453f-b2a7-ae1e82424af5,49349-311,136088680-X,49,67000
10,Cadillac,"Praesent blandit. Nam nulla. Integer pede justo, lacinia eget, tincidunt eget, tempus vel, pede.",d23f8317-8a88-4d19-9921-369871b0bb1f,Civic,"Proin interdum mauris non ligula pellentesque ultrices. Phasellus id sapien in sapien iaculis congue. Vivamus metus arcu, adipiscing molestie, hendrerit at, vulputate vitae, nisl. Aenean lectus.",e8e65ba6-3052-4f22-97ee-527acbaf5a28,61995-1106,899241275-4,4,50000
9,Chrysler,Maecenas ut massa quis augue luctus tincidunt. Nulla mollis molestie lorem.,38530f49-7ac9-4ce0-85eb-52d6d0cd398a,L300,Cras non velit nec nisi vulputate nonummy. Maecenas tincidunt lacus at velit.,385b7ddb-aece-4676-8bb6-bf94728b3136,0179-0030,915316069-X,78,33000
6,Maserati,"Vivamus metus arcu, adipiscing molestie, hendrerit at, vulputate vitae, nisl. Aenean lectus. Pellentesque eget nunc.",cbe922b7-7627-4531-884c-7b219fc8db0c,Classic,"Aenean fermentum. Donec ut mauris eget massa tempor convallis. Nulla neque libero, convallis eget, eleifend luctus, ultricies eu, nibh.",2ae8b670-cca8-4961-9835-b7c398c2d939,70253-527,652377263-2,33,15000
4,Volkswagen,Nullam molestie nibh in lectus. Pellentesque at nulla. Suspendisse potenti.,1937eb0d-33c2-4ea5-b33a-181e49934035,Savana 1500,"Morbi ut odio. Cras mi pede, malesuada in, imperdiet et, commodo vulputate, justo. In blandit ultrices enim. Lorem ipsum dolor sit amet, consectetuer adipiscing elit.",5ffc31c8-c67e-40dc-b470-130f5036c274,16729-092,954085851-8,69,54000
2,Ford,"Nunc nisl. Duis bibendum, felis sed interdum venenatis, turpis enim blandit mi, in porttitor pede justo eu massa.",e704f1ef-6eb9-4163-b00c-57604234600b,Q,Nulla tempus. Vivamus in felis eu sapien cursus vestibulum. Proin eu mi. Nulla ac enim.,12261aff-10db-4fb7-bef2-b6133f00b1bf,0517-4010,598491780-7,7,30000
2,Ford,"Nunc nisl. Duis bibendum, felis sed interdum venenatis, turpis enim blandit mi, in porttitor pede justo eu massa.",e704f1ef-6eb9-4163-b00c-57604234600b,CC,Maecenas ut massa quis augue luctus tincidunt. Nulla mollis molestie lorem.,80af7908-4ef2-4a87-80b3-3f01fef31fc1,64942-1333,467762808-4,64,36000
10,Cadillac,"Praesent blandit. Nam nulla. Integer pede justo, lacinia eget, tincidunt eget, tempus vel, pede.",d23f8317-8a88-4d19-9921-369871b0bb1f,V8 Vantage,Mauris sit amet eros. Suspendisse accumsan tortor quis turpis.,2e24c13d-e03e-45ca-b146-df1c48d72b60,0185-0939,659164832-1,32,15000
1,Lincoln,"Nam ultrices, libero non mattis pulvinar, nulla pede ullamcorper augue, a suscipit nulla elit ac nulla.",1d14b99c-106a-4686-9533-233e5c00b3ec,929,Nullam sit amet turpis elementum ligula vehicula consequat. Morbi a ipsum. Integer a nibh.,82a90093-92b9-4799-9835-39d9deb42319,68180-212,890326496-7,28,95000
9,Chrysler,Maecenas ut massa quis augue luctus tincidunt. Nulla mollis molestie lorem.,38530f49-7ac9-4ce0-85eb-52d6d0cd398a,Oasis,Mauris lacinia sapien quis libero. Nullam sit amet turpis elementum ligula vehicula consequat. Morbi a ipsum.,97039b11-b297-44cc-917f-35b5f49d9310,66467-2140,979905500-8,57,53000
10,Cadillac,"Praesent blandit. Nam nulla. Integer pede justo, lacinia eget, tincidunt eget, tempus vel, pede.",d23f8317-8a88-4d19-9921-369871b0bb1f,X3,"Vestibulum ante ipsum primis in faucibus orci luctus et ultrices posuere cubilia Curae; Nulla dapibus dolor vel est. Donec odio justo, sollicitudin ut, suscipit a, feugiat et, eros.",3e5addef-c08a-4a74-99f0-cb4135fd283f,52685-422,562309993-9,28,95000
2,Ford,"Nunc nisl. Duis bibendum, felis sed interdum venenatis, turpis enim blandit mi, in porttitor pede justo eu massa.",e704f1ef-6eb9-4163-b00c-57604234600b,Galant,Nullam varius. Nulla facilisi. Cras non velit nec nisi vulputate nonummy.,3dd68b9a-c33e-43bc-99a0-3d6508acdcde,49884-466,742284987-8,68,29000
1,Lincoln,"Nam ultrices, libero non mattis pulvinar, nulla pede ullamcorper augue, a suscipit nulla elit ac nulla.",1d14b99c-106a-4686-9533-233e5c00b3ec,F-Series,"Sed sagittis. Nam congue, risus semper porta volutpat, quam pede lobortis ligula, sit amet eleifend pede libero quis orci. Nullam molestie nibh in lectus. Pellentesque at nulla.",efe4c51f-35b5-4bb1-ae25-6ee080e71b4b,0002-8315,964063338-0,3,61000
5,Chevrolet,Integer ac leo. Pellentesque ultrices mattis odio. ,7f8748b5-96ef-494c-a912-7c4d67bfd0a5,Patriot,"Maecenas rhoncus aliquam lacus. Morbi quis tortor id nulla ultrices aliquet. Maecenas leo odio, condimentum id, luctus nec, molestie sed, justo.",c207caf8-53a7-4750-8b5e-31cd636551b8,64893-903,783045181-8,12,53000
6,Maserati,"Vivamus metus arcu, adipiscing molestie, hendrerit at, vulputate vitae, nisl. Aenean lectus. Pellentesque eget nunc.",cbe922b7-7627-4531-884c-7b219fc8db0c,Swift,Suspendisse accumsan tortor quis turpis. Sed ante. Vivamus tortor. Duis mattis egestas metus.,a3d098e9-750e-42f2-b927-0fa9908c3a9d,58668-4571,202628920-4,58,68000
2,Ford,"Nunc nisl. Duis bibendum, felis sed interdum venenatis, turpis enim blandit mi, in porttitor pede justo eu massa.",e704f1ef-6eb9-4163-b00c-57604234600b,Suburban 2500,"Nulla neque libero, convallis eget, eleifend luctus, ultricies eu, nibh. Quisque id justo sit amet sapien dignissim vestibulum. Vestibulum ante ipsum primis in faucibus orci luctus et ultrices posuere cubilia Curae; Nulla dapibus dolor vel est. Donec odio justo, sollicitudin ut, suscipit a, feugiat et, eros.",b36afc68-0308-42e0-a61a-3979f8939802,15127-972,959956011-6,5,28000
